Question,Answer
What products do you sell?,"We offer a wide range of products, including electronics, clothing, accessories, and more."
How can I place an order?,"To place an order, simply browse our website, select the items you want, and proceed to the checkout page."
What payment methods do you accept?,"We accept various payment methods, including credit/debit cards, PayPal, and other secure payment options."
Can I track my order?,"Yes, you can track your order by logging into your account and checking the order status. You'll also receive tracking information via email."
What is your return policy?,Our return policy allows you to return products within 30 days of purchase. Please check our website for detailed return instructions.
Do you offer international shipping?,"Yes, we offer international shipping. Shipping costs and delivery times may vary based on your location."
How can I contact customer support?,"You can contact our customer support team through the ""Contact Us"" page on our website or via email at support@example.com."
Are there any ongoing promotions or discounts?,We regularly run promotions and discounts. Check our website or subscribe to our newsletter to stay updated on the latest deals.
Can I change or cancel my order after placing it?,"Once an order is placed, changes or cancellations may not be possible. Please contact customer support for assistance."
What is the warranty period for your products?,Warranty periods vary by product. Check the product description or contact customer support for information on specific warranties.
details about your return process?,"Certainly! Our return process is simple. Log in to your account, go to the order history, select the item you want to return, and follow the instructions. Once we receive the returned item, we'll process the refund or exchange."
How do I apply a discount code during checkout?,"To apply a discount code, proceed to the checkout page and enter the code in the designated field. The discount will be applied to your total before completing the purchase."
Are there any upcoming sales or special events?,"Yes, we frequently host sales and special events. Stay tuned by subscribing to our newsletter or checking our website for announcements on upcoming promotions."
What security measures do you have for online payments?,"We use industry-standard encryption protocols to secure online transactions. Additionally, we employ fraud detection systems to ensure the safety of your payment information."
Can I return a personalized or customized item?,"Unfortunately, personalized or customized items are non-returnable unless they are damaged or defective. Please review the product details before placing a personalized order."
How can I track the status of my refund?,You can track the status of your refund by logging into your account and checking the refund section in your order history. We'll also send you email notifications at each stage of the refund process.
Is there an option for expedited shipping?,"Yes, we offer expedited shipping for an additional fee. During the checkout process, you can select the expedited shipping option to receive your order faster."
Can I change the size/color of an item in my order?,"Once an order is placed, changes to size or color may not be possible. Contact our customer support team, and we'll do our best to assist you based on the order status."
Do you provide warranty extensions for products?,"Yes, we offer warranty extensions for certain products. You can find information on warranty extensions in the product description or contact customer support for details."
Can I return an item without the original packaging?,"While it's preferable to return items in their original packaging, we understand that it may not always be possible. Contact our customer support team, and we'll guide you through the return process."
"Can you provide detailed information on the status of my order, including its current location and estimated delivery time?","Certainly! To get real-time updates on your order, log in to your account and visit the order history section. There, you'll find the latest tracking information. Additionally, you'll receive email notifications as your order progresses through the shipping process."
"I received my order, but one of the items is missing. How can I resolve this issue and get the missing item shipped to me?",We apologize for the inconvenience. Please contact our customer support team with your order number and details about the missing item. We'll initiate an investigation and ensure the missing item is shipped to you promptly.
What steps should I follow if I encounter technical difficulties while trying to place an order on your website?,"If you're experiencing technical difficulties during the checkout process, try clearing your browser cache or using a different browser. If the issue persists, contact our customer support team, and we'll guide you through the ordering process or assist with alternative solutions."
How does your company handle customer feedback and suggestions for product improvements?,"We value customer feedback tremendously. You can share your suggestions through our website's ""Contact Us"" page or by emailing us at feedback@example.com. Our product development team reviews all suggestions to consider improvements and innovations in our offerings."
"My order was delivered, but the product received is damaged. What is the process for returning the damaged item and obtaining a replacement or refund?","We apologize for the inconvenience. To initiate the return process for a damaged item, log in to your account, go to the order history, and select the damaged item. Follow the instructions for returns, and our customer support team will guide you through the replacement or refund process."
"How do you handle situations where a customer receives the wrong product, and what measures are taken to rectify this error?","We sincerely apologize for any mix-up. If you receive the wrong product, please contact our customer support team immediately with your order number and details about the incorrect item. We'll arrange for the correct product to be shipped to you, and if needed, facilitate the return of the wrong item."
Can you provide information on the process for redeeming loyalty points and how customers can maximize the benefits of your loyalty program?,"Certainly! To redeem loyalty points, log in to your account and navigate to the loyalty program section. There, you'll find details on point accumulation and redemption options. Maximizing the benefits involves regularly participating in our program, earning points with each purchase, and taking advantage of exclusive offers."
"In the event of a product recall, how does your company notify customers, and what steps are taken to address concerns or potential safety issues?","In the rare event of a product recall, we take immediate action to notify affected customers through email, social media, and our website. Detailed instructions on returning or replacing the recalled product are provided, and our customer support team remains available to address any concerns or safety issues."
What measures do you have in place to ensure the timely response and resolution of customer queries submitted through different communication channels?,"Ensuring timely responses is a priority. Our customer support team is trained to promptly address queries submitted through various channels, including email, live chat, and phone. We utilize advanced ticketing systems to prioritize and streamline communication, ensuring efficient responses and resolutions."
Can you provide guidance on the process for initiating a warranty claim for a product that develops issues after the initial purchase?,"Certainly! To initiate a warranty claim, contact our customer support team with your order number and details about the issue. Our team will guide you through the warranty claim process, which may involve troubleshooting steps, returning the product for inspection, and facilitating repairs or a replacement."
What should I do if I forgot my password and can't log in?,"If you forgot your password, click on the ""Forgot Password"" link on the login page. Follow the instructions sent to your registered email to reset your password. If you face any issues, contact our support team for assistance."
How can I check the status of my order?,"You can check the status of your order by logging into your account and visiting the order history section. Additionally, you will receive email updates with tracking information as your order progresses."
"What are the customer support hours, and how can I reach you?","Our customer support is available from [specific hours]. You can reach us through the ""Contact Us"" page on our website, or email us at support@example.com. We aim to respond promptly to all inquiries during our operating hours."
Can I change my shipping address after placing the order?,"Once an order is confirmed, changes to the shipping address may not be possible. Please contact our support team immediately for assistance, and we'll do our best to accommodate your request."
What do I do if I received a damaged item?,We apologize for any inconvenience. Please contact our support team with your order number and images of the damaged item. We will assist you in either returning the item for a replacement or initiating a refund.
How can I subscribe to your newsletter for updates?,"You can subscribe to our newsletter on our website by entering your email in the designated sign-up area. Subscribers receive regular updates on promotions, new arrivals, and exclusive offers."
Is it possible to change the size/color of an item in my order?,"Once an order is placed, changes to size or color may not be possible. Please contact our support team immediately, and we'll check the order status to assist you based on availability or explore alternative solutions."
Do you offer live chat support for immediate assistance?,"Yes, we offer live chat support during our business hours. Look for the chat icon on our website, and our support team will be happy to assist you in real-time."
"Can I return a product if I don't like it, even if it's not defective?","Yes, you can return products within 30 days of purchase for a refund or exchange, even if the item is not defective. Please review our return policy on the website for detailed instructions on how to initiate the return process."
What payment methods do you accept for online orders?,"We accept various payment methods, including major credit/debit cards, PayPal, and other secure payment options. You can choose your preferred payment method during the checkout process."